{"bmi": [13.674999999999994, 47.31500000000001], "charges": [0, 34524.777625], "smoker_n": [1.0, 1.0]}